YEAR,WEEK,TOTAL SPECIMENS,PERCENT POSITIVE
1997,40,1291,0
1997,41,1513,0.727032
1997,42,1552,1.09536
1997,43,1669,0.419413
1997,44,1897,0.527148
1997,45,2106,0.2849
1997,46,2204,0.362976
1997,47,2533,0.908014
1997,48,2242,1.65031
1997,49,2607,1.53433
1997,50,3086,3.17563
1997,51,3410,7.1261
1997,52,3349,12.6008
1997,53,4402,17.9464
1998,1,5294,19.3049
1998,2,5501,20.9235
1998,3,6196,25.6133
1998,4,6730,28.0684
1998,5,6288,26.7176
1998,6,5867,24.3736
1998,7,4904,20.1264
1998,8,3975,14.239
1998,9,3169,9.6876
1998,10,2658,7.5997
1998,11,2234,5.41629
1998,12,2048,4.10156
1998,13,1683,2.79263
1998,14,1532,2.21932
1998,15,1357,2.87399
1998,16,1421,1.47783
1998,17,1236,1.2945
1998,18,1142,1.40105
1998,19,1038,0.867052
1998,20,938,0.959488
1998,21,0,0
1998,22,0,0
1998,23,0,0
1998,24,0,0
1998,25,0,0
1998,26,0,0
1998,27,0,0
1998,28,0,0
1998,29,0,0
1998,30,0,0
1998,31,0,0
1998,32,0,0
1998,33,0,0
1998,34,0,0
1998,35,0,0
1998,36,0,0
1998,37,0,0
1998,38,0,0
1998,39,0,0
1998,40,1407,0.142146
1998,41,1453,0.344116
1998,42,1654,0.181378
1998,43,1814,0.330761
1998,44,2051,0.877621
1998,45,2222,0.630063
1998,46,2051,0.390054
1998,47,1809,0.939746
1998,48,2397,1.16813
1998,49,2432,1.85033
1998,50,2428,1.72982
1998,51,2207,3.76076
1998,52,2706,5.91279
1999,1,3524,9.39274
1999,2,3889,14.7596
1999,3,4262,20.2956
1999,4,5210,22.0729
1999,5,6143,27.3156
1999,6,6574,28.2933
1999,7,6723,25.5094
1999,8,6616,25.2267
1999,9,5933,23.3777
1999,10,4289,20.5875
1999,11,4014,15.6203
1999,12,3242,14.3122
1999,13,2712,8.25959
1999,14,2222,7.92079
1999,15,1721,6.44974
1999,16,1368,2.63158
1999,17,1108,2.52708
1999,18,982,1.73116
1999,19,801,1.1236
1999,20,618,1.13269
1999,21,239,2.92887
1999,22,97,1.03093
1999,23,20,0
1999,24,0,0
1999,25,0,0
1999,26,0,0
1999,27,0,0
1999,28,0,0
1999,29,0,0
1999,30,0,0
1999,31,0,0
1999,32,0,0
1999,33,0,0
1999,34,0,0
1999,35,0,0
1999,36,0,0
1999,37,0,0
1999,38,0,0
1999,39,0,0
1999,40,1687,1.06698
1999,41,1883,1.06213
1999,42,2097,2.2413
1999,43,2162,2.63645
1999,44,2454,3.91198
1999,45,2576,5.74534
1999,46,2862,8.07128
1999,47,2709,10.5574
1999,48,3845,13.7061
1999,49,4422,19.109
1999,50,5597,23.3339
1999,51,5575,30.9596
1999,52,7323,29.3732
2000,1,8423,24.9674
2000,2,7722,21.3028
2000,3,6242,16.7254
2000,4,5482,12.6779
2000,5,4550,10.6593
2000,6,4059,10.1503
2000,7,3523,7.46523
2000,8,3142,6.36537
2000,9,2698,3.70645
2000,10,2195,3.41686
2000,11,1960,2.70408
2000,12,1879,1.75625
2000,13,1708,1.22951
2000,14,1506,1.26162
2000,15,1294,1.70015
2000,16,1212,1.89769
2000,17,1108,1.44404
2000,18,1061,0.942507
2000,19,947,0.211193
2000,20,865,0.231214
2000,21,772,0.777202
2000,22,620,0.483871
2000,23,666,0.45045
2000,24,680,0.147059
2000,25,565,0
2000,26,551,0.181488
2000,27,26,0
2000,28,41,0
2000,29,28,0
2000,30,5,0
2000,31,1,0
2000,32,0,0
2000,33,0,0
2000,34,0,0
2000,35,0,0
2000,36,0,0
2000,37,0,0
2000,38,0,0
2000,39,0,0
2000,40,1387,0.0720981
2000,41,1490,0.268456
2000,42,1691,0.236546
2000,43,1683,0.831848
2000,44,1964,0.814664
2000,45,1862,1.98711
2000,46,2183,1.96977
2000,47,2201,3.49841
2000,48,2505,3.91218
2000,49,2841,5.66702
2000,50,3275,6.90076
2000,51,3370,11.6914
2000,52,3310,13.8671
2001,1,3821,13.3735
2001,2,4563,17.7953
2001,3,5121,22.1051
2001,4,5729,23.2152
2001,5,5914,20.9334
2001,6,5619,18.9891
2001,7,4920,15.4268
2001,8,4571,13.9357
2001,9,4321,11.4557
2001,10,3793,7.19747
2001,11,3368,5.90855
2001,12,3132,5.77905
2001,13,2788,4.3759
2001,14,2386,3.26907
2001,15,2020,2.22772
2001,16,1825,2.57534
2001,17,1640,1.28049
2001,18,1528,0.589005
2001,19,1359,0.515085
2001,20,1317,0.683371
2001,21,1125,0.0888889
2001,22,977,0.204708
2001,23,523,0.191205
2001,24,38,2.63158
2001,25,50,0
2001,26,52,0
2001,27,23,0
2001,28,37,0
2001,29,22,0
2001,30,26,0
2001,31,24,0
2001,32,24,0
2001,33,43,0
2001,34,34,0
2001,35,16,0
2001,36,19,0
2001,37,9,0
2001,38,7,0
2001,39,0,0
2001,40,1154,0.693241
2001,41,1415,0.353357
2001,42,1468,0.544959
2001,43,1583,1.07391
2001,44,1704,0.762911
2001,45,1843,0.705372
2001,46,2096,2.19466
2001,47,2052,1.60819
2001,48,2401,3.08205
2001,49,2331,3.5607
2001,50,2434,4.60148
2001,51,2915,5.7976
2001,52,2621,8.39374
2002,1,3531,9.74228
2002,2,3900,13.8462
2002,3,4696,19.7402
2002,4,5816,21.3721
2002,5,6466,22.7962
2002,6,7191,22.7924
2002,7,7572,23.8642
2002,8,7358,24.9117
2002,9,6217,22.921
2002,10,5368,21.1811
2002,11,4337,18.5151
2002,12,3763,15.1209
2002,13,3332,13.7455
2002,14,2660,12.406
2002,15,2329,10.863
2002,16,2001,13.0935
2002,17,1820,8.57143
2002,18,1643,10.2252
2002,19,1655,8.76133
2002,20,1467,5.99864
2002,21,1302,4.91551
2002,22,995,3.61809
2002,23,948,2.74262
2002,24,850,0.823529
2002,25,692,0.289017
2002,26,700,0.571429
2002,27,490,0.408163
2002,28,591,0.169205
2002,29,578,0
2002,30,601,0.332779
2002,31,530,0
2002,32,566,0
2002,33,516,0
2002,34,533,0
2002,35,588,0.170068
2002,36,482,0
2002,37,561,0
2002,38,475,0.631579
2002,39,391,0.511509
2002,40,1443,0
2002,41,1517,0.197759
2002,42,1590,0
2002,43,1774,0.338219
2002,44,1636,0.366748
2002,45,1988,0.251509
2002,46,2107,0.474608
2002,47,2091,1.05213
2002,48,1900,0.789474
2002,49,2414,1.657
2002,50,2493,3.89089
2002,51,2910,6.56357
2002,52,2368,6.75676
2003,1,2632,5.6231
2003,2,2828,8.80481
2003,3,3108,11.4865
2003,4,3352,16.3186
2003,5,4166,20.4993
2003,6,4874,26.3644
2003,7,4676,25.3208
2003,8,4416,22.5543
2003,9,4348,22.2171
2003,10,3633,18.6898
2003,11,3422,17.1245
2003,12,3435,14.6434
2003,13,2820,9.96454
2003,14,2352,8.54592
2003,15,2131,5.1619
2003,16,1777,5.00844
2003,17,1406,4.12518
2003,18,1222,5.56465
2003,19,1121,2.49777
2003,20,931,2.04082
2003,21,872,1.83486
2003,22,705,0.851064
2003,23,721,1.80305
2003,24,683,1.02489
2003,25,551,0.725953
2003,26,439,0.455581
2003,27,643,0.155521
2003,28,632,0.474684
2003,29,697,0.573888
2003,30,636,0.628931
2003,31,632,1.26582
2003,32,632,0.316456
2003,33,761,0.394218
2003,34,649,0
2003,35,672,0
2003,36,512,0.390625
2003,37,604,0.165563
2003,38,535,0.373832
2003,39,414,0
2003,40,1430,1.53846
2003,41,1682,4.57788
2003,42,2176,11.6268
2003,43,2568,17.8349
2003,44,2753,19.4333
2003,45,3553,24.2612
2003,46,4595,28.0958
2003,47,5942,33.1202
2003,48,6479,34.743
2003,49,9598,34.0592
2003,50,12422,32.9255
2003,51,11783,30.7986
2003,52,9748,24.7333
2003,53,8461,20.104
2004,1,6936,12.4279
2004,2,5411,9.33284
2004,3,4329,6.00601
2004,4,4166,3.98464
2004,5,3661,2.9227
2004,6,3530,1.84136
2004,7,3136,1.78571
2004,8,2559,1.48496
2004,9,2651,0.678989
2004,10,2369,0.590967
2004,11,2239,0.580616
2004,12,1801,1.33259
2004,13,1850,0.918919
2004,14,1778,0.506187
2004,15,1564,0.959079
2004,16,1449,1.65631
2004,17,1377,0.798838
2004,18,1298,0.693374
2004,19,1241,0.16116
2004,20,1105,0.361991
2004,21,1055,0.56872
2004,22,823,0.72904
2004,23,793,0.37831
2004,24,844,0.236967
2004,25,741,0.404858
2004,26,730,0.410959
2004,27,573,0.17452
2004,28,746,0.268097
2004,29,563,0.35524
2004,30,671,0
2004,31,628,0.318471
2004,32,620,0.16129
2004,33,647,0.15456
2004,34,823,0.486027
2004,35,827,0.483676
2004,36,822,0.364964
2004,37,907,0.771775
2004,38,890,0.449438
2004,39,919,1.52339
2004,40,1860,0.645161
2004,41,2154,0.649954
2004,42,2412,1.61692
2004,43,2620,1.22137
2004,44,2771,1.62396
2004,45,3074,2.01692
2004,46,3310,2.77946
2004,47,3111,1.96078
2004,48,3826,3.58076
2004,49,3846,5.0182
2004,50,4359,6.56114
2004,51,4509,11.7764
2004,52,5807,16.7556
2005,1,6921,18.5667
2005,2,6646,16.9425
2005,3,6948,21.3443
2005,4,8010,23.2959
2005,5,8654,26.8662
2005,6,9684,26.5489
2005,7,10586,25.5526
2005,8,9710,23.4604
2005,9,8511,19.9507
2005,10,7580,16.0422
2005,11,6540,16.9419
2005,12,5928,14.6592
2005,13,5134,11.044
2005,14,3894,9.11659
2005,15,3339,5.27104
2005,16,2933,4.19366
2005,17,2570,2.68482
2005,18,2250,2.26667
2005,19,2136,1.73221
2005,20,1889,2.06458
2005,21,1809,1.71365
2005,22,1682,1.36742
2005,23,1576,0.761421
2005,24,1514,0.990753
2005,25,1229,0.895037
2005,26,1215,0.576132
2005,27,1073,0.465983
2005,28,991,0.201816
2005,29,983,0.305188
2005,30,1124,0.177936
2005,31,1018,0
2005,32,964,0.414938
2005,33,989,0.606673
2005,34,1016,0.393701
2005,35,1054,0.56926
2005,36,1031,0.0969932
2005,37,1099,0.454959
2005,38,1280,0.15625
2005,39,1421,0.492611
2005,40,1894,0.580781
2005,41,2191,0.547695
2005,42,2349,1.06428
2005,43,2780,0.503597
2005,44,2890,0.795848
2005,45,3320,1.29518
2005,46,3861,1.2173
2005,47,3268,1.59119
2005,48,4056,2.85996
2005,49,3863,5.53974
2005,50,4618,8.6401
2005,51,5418,12.7538
2005,52,5829,13.4843
2006,1,6417,11.7189
2006,2,6378,13.2173
2006,3,6255,14.1167
2006,4,6732,15.7308
2006,5,7029,16.688
2006,6,7226,17.9491
2006,7,8105,19.5682
2006,8,7948,20.4454
2006,9,7978,22.5871
2006,10,7819,22.4325
2006,11,6995,19.7427
2006,12,6444,18.4668
2006,13,5424,17.9757
2006,14,4459,13.5681
2006,15,4032,11.3591
2006,16,3499,9.88854
2006,17,2675,7.47664
2006,18,2516,7.7504
2006,19,2453,7.21565
2006,20,2399,5.62734
2006,21,2058,6.31681
2006,22,1663,4.69032
2006,23,1444,3.80886
2006,24,1267,1.97316
2006,25,1178,1.18846
2006,26,1017,1.17994
2006,27,907,0.882029
2006,28,914,0.765864
2006,29,917,1.19956
2006,30,863,1.96987
2006,31,943,2.12089
2006,32,899,1.33482
2006,33,862,1.39211
2006,34,898,1.67038
2006,35,907,1.87431
2006,36,881,1.4756
2006,37,1067,2.90534
2006,38,996,3.51406
2006,39,971,2.98661
2006,40,2309,2.42529
2006,41,2502,2.67786
2006,42,2900,2.75862
2006,43,3237,2.595
2006,44,3765,3.79814
2006,45,4262,3.63679
2006,46,4525,2.93923
2006,47,4538,3.54782
2006,48,5642,3.70436
2006,49,5805,4.5478
2006,50,6686,8.09153
2006,51,7083,10.2922
2006,52,6777,10.3881
2007,1,6711,6.97363
2007,2,6430,9.23795
2007,3,6200,11.5806
2007,4,7200,18.1944
2007,5,8261,22.3823
2007,6,8986,28.1772
2007,7,9780,25.7975
2007,8,9947,23.7961
2007,9,8634,22.5735
2007,10,7848,20.2472
2007,11,6928,19.5294
2007,12,6460,16.8731
2007,13,5558,13.7639
2007,14,4698,11.026
2007,15,4243,12.1376
2007,16,3857,9.67073
2007,17,3015,9.75124
2007,18,3006,6.75316
2007,19,2531,4.97827
2007,20,2341,3.92994
2007,21,1944,4.32099
2007,22,1696,1.76887
2007,23,1670,1.1976
2007,24,1529,1.70046
2007,25,1300,0.615385
2007,26,1278,1.17371
2007,27,1121,1.60571
2007,28,1195,1.92469
2007,29,1154,1.38648
2007,30,1165,3.17597
2007,31,1217,1.97206
2007,32,1157,2.93863
2007,33,1120,1.69643
2007,34,1170,1.96581
2007,35,1204,2.49169
2007,36,1093,2.19579
2007,37,1228,2.443
2007,38,954,3.14465
2007,39,1052,1.90114
2007,40,2382,1.84719
2007,41,2534,1.73639
2007,42,2953,1.62547
2007,43,3179,1.57282
2007,44,3575,2.06993
2007,45,3797,2.23861
2007,46,4131,2.10603
2007,47,4040,3.46535
2007,48,4855,3.31617
2007,49,4909,3.66673
2007,50,5157,4.16909
2007,51,5877,5.34286
2007,52,6269,7.14628
2008,1,6829,8.55176
2008,2,7383,13.5853
2008,3,7814,16.8032
2008,4,9474,22.7148
2008,5,13459,28.4642
2008,6,15342,31.7494
2008,7,15171,31.8173
2008,8,17359,30.3992
2008,9,16097,27.6511
2008,10,15181,23.6809
2008,11,11648,22.0124
2008,12,9498,20.3938
2008,13,7800,17.7821
2008,14,6183,14.5399
2008,15,5285,11.7692
2008,16,4103,8.50597
2008,17,3556,5.3712
2008,18,2724,4.62555
2008,19,2539,2.56006
2008,20,2414,1.57415
2008,21,2115,1.37116
2008,22,1927,0.985989
2008,23,1850,0.918919
2008,24,1502,0.798935
2008,25,1467,0.477164
2008,26,1325,0.45283
2008,27,1203,0.332502
2008,28,1269,0.472813
2008,29,1203,0.332502
2008,30,1163,0.859845
2008,31,1125,0.622222
2008,32,1102,0.635209
2008,33,1053,0.0949668
2008,34,1090,0.550459
2008,35,1271,0.393391
2008,36,1336,0.449102
2008,37,1562,0.704225
2008,38,1886,1.06045
2008,39,2009,0.597312
2008,40,2759,0.616165
2008,41,2874,0.800278
2008,42,2937,1.25979
2008,43,3434,1.77635
2008,44,3545,1.21298
2008,45,4154,1.7092
2008,46,4418,1.40335
2008,47,4739,1.77253
2008,48,4836,2.25393
2008,49,5598,2.26867
2008,50,5989,3.15579
2008,51,6301,4.33265
2008,52,6031,4.72558
2008,53,6592,5.53701
2009,1,6981,8.43719
2009,2,6995,10.8649
2009,3,7943,16.0519
2009,4,9484,20.7613
2009,5,11707,23.9344
2009,6,12691,25.2699
2009,7,11741,24.8105
2009,8,11912,24.5383
2009,9,10970,24.3482
2009,10,9595,22.3762
2009,11,8628,20.5494
2009,12,7343,16.737
2009,13,5778,13.8283
2009,14,5095,10.6575
2009,15,4674,7.1887
2009,16,4219,7.67954
2009,17,36203,12.4631
2009,18,34659,15.0235
2009,19,16820,18.0856
2009,20,15410,26.7878
2009,21,13483,33.4866
2009,22,13553,39.482
2009,23,13762,41.6146
2009,24,14264,43.0454
2009,25,12117,36.1806
2009,26,10913,31.7786
2009,27,10713,32.0358
2009,28,9808,27.5387
2009,29,8646,27.1108
2009,30,9184,27.5588
2009,31,8424,23.6705
2009,32,8572,22.5502
2009,33,10003,24.3627
2009,34,11636,22.0265
2009,35,13008,22.2863
2009,36,14896,24.0064
2009,37,16682,25.5905
2009,38,16820,26.9917
2009,39,15419,31.98
2009,40,23980,33.5363
2009,41,29005,37.5763
2009,42,31511,39.3799
2009,43,28104,35.575
2009,44,24986,30.9253
2009,45,21788,27.6115
2009,46,18493,19.6182
2009,47,13301,14.5628
2009,48,13134,10.7355
2009,49,11364,7.63816
2009,50,10494,6.44178
2009,51,8622,4.95245
2009,52,9617,4.86638
2010,1,9456,4.00804
2010,2,8753,4.76408
2010,3,8468,5.63297
2010,4,8378,5.10862
2010,5,8243,5.15589
2010,6,8099,4.55612
2010,7,8375,4.77612
2010,8,8074,5.42482
2010,9,7514,6.13521
2010,10,7502,6.61157
2010,11,6485,5.70547
2010,12,5654,4.42165
2010,13,5246,4.34617
2010,14,4716,2.75657
2010,15,4095,2.05128
2010,16,3740,1.25668
2010,17,3660,0.710383
2010,18,3117,0.802053
2010,19,2891,0.622622
2010,20,2903,0.516707
2010,21,2689,0.185943
2010,22,2136,0.280899
2010,23,2163,0.277393
2010,24,2033,0.442696
2010,25,1987,0.402617
2010,26,1820,0.21978
2010,27,1636,0.305623
2010,28,1620,0.679012
2010,29,1606,0.498132
2010,30,1686,1.36418
2010,31,1520,1.05263
2010,32,1676,1.73031
2010,33,1790,1.06145
2010,34,1967,2.03355
2010,35,2212,1.26582
2010,36,2336,1.5411
2010,37,2698,1.85322
2010,38,2960,1.62162
2010,39,2988,1.33869
2010,40,3600,2.13889
2010,41,4006,3.19521
2010,42,4112,3.38035
2010,43,4240,3.91509
2010,44,4608,5.36024
2010,45,5377,6.50921
2010,46,5578,8.73073
2010,47,5533,10.6091
2010,48,5975,9.99163
2010,49,6361,13.2526
2010,50,7692,18.8508
2010,51,8172,25.0367
2010,52,9030,26.268
2011,1,10441,25.17
2011,2,10190,29.2836
2011,3,11067,33.5231
2011,4,12950,34.3398
2011,5,13875,35.4018
2011,6,14647,34.6624
2011,7,16401,34.8515
2011,8,15033,30.9785
2011,9,12990,27.5058
2011,10,11625,23.7935
2011,11,9860,20.284
2011,12,8443,16.1199
2011,13,7107,12.8043
2011,14,6481,9.8133
2011,15,5615,7.12378
2011,16,4642,4.4162
2011,17,3976,3.34507
2011,18,3611,1.91083
2011,19,3271,1.10058
2011,20,3079,0.84443
2011,21,2705,0.665434
2011,22,2442,0.532351
2011,23,2259,0.265604
2011,24,2109,0.426743
2011,25,1967,0.254194
2011,26,1560,0.25641
2011,27,1498,0.333778
2011,28,1500,0.6
2011,29,1500,0.666667
2011,30,1307,0.306044
2011,31,1428,0.770308
2011,32,1433,0.907188
2011,33,1506,1.06242
2011,34,1705,0.997067
2011,35,1925,0.779221
2011,36,2056,0.632296
2011,37,2326,0.902837
2011,38,2612,0.803982
2011,39,2920,1.19863
2011,40,3192,1.03383
2011,41,3316,0.572979
2011,42,3425,0.817518
2011,43,3749,1.17365
2011,44,4075,0.957055
2011,45,4326,1.13269
2011,46,4580,0.960699
2011,47,4108,1.82571
2011,48,4669,1.54209
2011,49,4710,2.29299
2011,50,4906,2.71097
2011,51,5151,3.8245
2011,52,5470,3.32724
2012,1,5690,3.21617
2012,2,5341,4.39993
2012,3,5364,5.9657
2012,4,5840,8.09932
2012,5,6251,10.8783
2012,6,6413,12.615
2012,7,7298,14.8397
2012,8,7596,18.9968
2012,9,8485,23.8185
2012,10,8459,28.183
2012,11,8822,30.7187
2012,12,7974,27.527
2012,13,7450,21.557
2012,14,6695,22.0762
2012,15,6304,20.4473
2012,16,5689,20.6363
2012,17,4980,17.2691
2012,18,4522,15.9885
2012,19,4061,15.1687
2012,20,3811,13.3298
2012,21,3729,11.1558
2012,22,3347,10.9053
2012,23,3055,9.59083
2012,24,2898,9.97239
2012,25,2529,6.76157
2012,26,2255,6.74058
2012,27,1970,4.72081
2012,28,2052,4.5809
2012,29,2100,3.66667
2012,30,2048,5.12695
2012,31,2161,9.48635
2012,32,2294,7.54141
2012,33,2501,6.71731
2012,34,2705,4.17745
2012,35,2746,3.05899
2012,36,2914,3.05422
2012,37,3280,2.22561
2012,38,3501,3.08483
2012,39,3649,3.59002
2012,40,4513,3.78905
2012,41,4914,3.92755
2012,42,5249,5.81063
2012,43,5306,6.55861
2012,44,5406,7.86164
2012,45,6446,9.75799
2012,46,6721,13.3611
2012,47,7433,18.4179
2012,48,9333,22.3829
2012,49,12060,29.204
2012,50,14711,32.6083
2012,51,16904,37.4527
2012,52,18139,37.8742
2013,1,19673,35.2971
2013,2,22224,34.2063
2013,3,20931,30.5432
2013,4,18668,29.5747
2013,5,16228,26.5221
2013,6,14491,22.7314
2013,7,12691,20.8809
2013,8,11354,20.037
2013,9,10504,18.7262
2013,10,10165,17.9144
2013,11,9559,16.916
2013,12,8647,15.913
2013,13,7722,14.4522
2013,14,6782,13.9339
2013,15,6198,10.8261
2013,16,5575,8.75336
2013,17,5095,7.67419
2013,18,4919,6.5867
2013,19,4473,5.41024
2013,20,4102,4.46124
2013,21,4097,4.36905
2013,22,3587,4.20965
2013,23,3576,3.85906
2013,24,3254,3.93362
2013,25,3227,3.99752
2013,26,2999,3.23441
2013,27,2579,3.25708
2013,28,2653,3.76932
2013,29,2504,2.95527
2013,30,2316,2.9361
2013,31,2549,3.49157
2013,32,2494,3.12751
2013,33,2304,2.77778
2013,34,2560,2.34375
2013,35,3006,4.09182
2013,36,3148,3.65311
2013,37,3602,3.38701
2013,38,3888,3.1893
2013,39,4596,4.09051
2013,40,4911,3.95032
2013,41,5808,3.94284
2013,42,5801,3.18911
2013,43,5886,3.53381
2013,44,6316,4.63901
2013,45,6945,5.75954
2013,46,7203,7.19145
2013,47,7839,9.14657
2013,48,7433,12.0813
2013,49,10169,16.9043
2013,50,10837,20.7899
2013,51,14015,28.2198
2013,52,15748,31.0706
2014,1,17779,29.1749
2014,2,18253,27.705
2014,3,17480,26.7735
2014,4,16468,24.3017
2014,5,14618,20.4542
2014,6,12995,19.0612
2014,7,11892,16.406
2014,8,11127,13.6425
2014,9,10252,11.8806
2014,10,9441,10.8357
2014,11,8922,11.0513
2014,12,8216,12.5365
2014,13,7905,13.3207
2014,14,7531,14.5133
2014,15,7179,14.9603
2014,16,6648,13.7184
2014,17,6317,13.0442
2014,18,5865,12.6513
2014,19,5436,10.9823
2014,20,5315,10.3669
2014,21,4833,8.42127
2014,22,4757,8.89216
2014,23,4310,7.21578
2014,24,4140,7.10145
2014,25,3877,5.88084
2014,26,3434,5.06698
2014,27,3144,5.02545
2014,28,3057,5.00491
2014,29,3188,3.79548
2014,30,3127,3.74161
2014,31,2939,3.64069
2014,32,2973,2.95997
2014,33,3270,3.42508
2014,34,3339,3.2944
2014,35,3973,3.42311
2014,36,4227,2.76792
2014,37,5324,2.46056
2014,38,5681,3.01003
2014,39,5905,3.4547
2014,40,9567,3.22985
2014,41,11036,3.97789
2014,42,11729,4.97911
2014,43,11385,4.77822
2014,44,11531,6.30474
2014,45,12918,8.94875
2014,46,13777,10.2853
2014,47,16166,14.8645
2014,48,18504,19.585
2014,49,23068,23.1056
2014,50,29223,28.0293
2014,51,37114,30.9048
2014,52,42518,32.4521
2014,53,41550,27.3742
2015,1,38508,24.0106
2015,2,35598,24.2935
2015,3,34194,23.3462
2015,4,32003,21.5011
2015,5,29581,19.0054
2015,6,26994,15.5479
2015,7,24293,13.8723
2015,8,22294,12.7344
2015,9,20420,13.1685
2015,10,19845,12.7337
2015,11,18419,11.9931
2015,12,16980,11.2485
2015,13,15125,11.0281
2015,14,14743,9.99797
2015,15,13389,8.41736
2015,16,11873,6.51057
2015,17,10770,5.66388
2015,18,9784,5.38635
2015,19,9188,4.17936
2015,20,8412,3.66144
2015,21,7748,2.91688
2015,22,6993,2.7742
2015,23,6725,2.64684
2015,24,6133,2.4784
2015,25,5558,2.17704
2015,26,5248,2.45808
2015,27,5260,1.88213
2015,28,5039,1.70669
2015,29,4811,1.51736
2015,30,4785,1.5256
2015,31,4790,1.94154
2015,32,4910,1.64969
2015,33,5170,1.89555
2015,34,5381,1.85839
2015,35,6115,2.2731
2015,36,6786,2.18096
2015,37,7694,2.57343
2015,38,8855,1.88594
2015,39,9876,2.04536
2015,40,12029,1.05578
2015,41,13111,1.29662
2015,42,13441,1.10855
2015,43,13537,1.10807
2015,44,14687,1.12344
2015,45,15048,1.38224
2015,46,15250,1.19344
2015,47,15234,1.38506
2015,48,16201,1.39498
2015,49,16673,1.47544
2015,50,17358,2.51181
2015,51,16878,2.287
2015,52,18865,2.45958
2016,1,19786,2.93137
2016,2,18689,4.25384
2016,3,18798,5.48463
2016,4,20791,6.95974
2016,5,22261,9.69858
2016,6,24934,12.5491
2016,7,27208,15.5359
2016,8,30966,18.3621
2016,9,33880,21.1098
2016,10,36781,23.6454
2016,11,34233,19.972
2016,12,30161,18.4709
2016,13,27603,16.2265
2016,14,23979,14.0164
2016,15,21683,13.2362
2016,16,19860,12.3464
2016,17,17970,10.2615
2016,18,15380,8.12094
2016,19,14090,6.68559
2016,20,12545,5.81108
2016,21,11591,4.71918
2016,22,10067,3.0595
2016,23,9172,3.02006
2016,24,8364,1.82927
2016,25,7417,1.71228
2016,26,6298,1.22261
2016,27,5978,0.903312
2016,28,6328,0.869153
2016,29,5888,0.849185
2016,30,5756,0.781793
2016,31,5675,0.933921
2016,32,5773,0.900745
2016,33,5974,0.803482
2016,34,6264,1.40485
2016,35,7093,1.67771
2016,36,7732,1.46146
2016,37,8727,1.51255
2016,38,9418,1.74135
2016,39,10596,1.78369
2016,40,13380,1.56951
2016,41,14053,1.35914
2016,42,15110,1.40304
2016,43,15312,1.50862
2016,44,16652,1.91569
2016,45,17811,2.20089
2016,46,19060,2.57608
2016,47,18520,3.34773
2016,48,21542,3.3191
2016,49,20564,4.25987
2016,50,23476,6.68342
2016,51,26934,10.7819
2016,52,33273,13.9993
2017,1,35028,13.3436
2017,2,35198,15.373
2017,3,36732,18.2865
2017,4,38052,18.5299
2017,5,41435,21.4215
2017,6,47995,24.1525
2017,7,49356,24.5117
2017,8,47381,24.7251
2017,9,40431,19.772
2017,10,38487,19.2714
2017,11,36598,19.0338
2017,12,35188,19.7113
2017,13,32481,18.4816
2017,14,28713,15.4251
2017,15,25001,12.7395
2017,16,22091,9.69626
2017,17,18795,6.76776
2017,18,16223,5.91752
2017,19,15302,5.33264
2017,20,14292,4.86286
2017,21,12821,4.35223
2017,22,11644,4.16524
2017,23,10662,3.38586
2017,24,9568,3.06229
2017,25,8455,2.64932
2017,26,7498,2.53401
2017,27,7071,2.17791
2017,28,7394,2.16392
2017,29,7178,1.83895
2017,30,6755,1.80607
2017,31,6725,1.94796
2017,32,6893,1.90048
2017,33,7596,1.34281
2017,34,8160,1.43382
2017,35,9404,1.93535
2017,36,10381,1.88806
2017,37,11602,1.89622
2017,38,12699,1.66942
2017,39,13622,1.70313
2017,40,15532,2.20191
2017,41,16557,2.08975
2017,42,17827,2.17647
2017,43,18391,2.58279
2017,44,20015,3.60729
2017,45,21886,4.24472
2017,46,23794,5.29966
2017,47,23830,7.0877
2017,48,27213,7.30533
2017,49,30767,10.7453
2017,50,35194,15.3549
2017,51,48009,22.777
2017,52,55518,25.3864
2018,1,61316,25.3653
2018,2,68276,26.9421
2018,3,69124,27.034
2018,4,80322,27.3698
2018,5,81687,27.0643
2018,6,81391,26.9981
2018,7,74973,26.1174
2018,8,60034,22.6155
2018,9,48489,18.4867
2018,10,40978,15.6938
2018,11,36794,15.5813
2018,12,33442,15.328
2018,13,30668,15.1135
2018,14,27339,12.6888
2018,15,25052,11.2486
2018,16,21483,9.39813
2018,17,19328,7.99876
2018,18,17095,6.25914
2018,19,14978,4.39311
2018,20,13013,3.16606
2018,21,11799,2.39003
2018,22,10789,1.52934
2018,23,9703,1.57683
2018,24,8929,1.29914
2018,25,8502,1.02329
2018,26,7723,1.11356
2018,27,6879,1.00305
2018,28,6986,0.916118
2018,29,6835,1.0534
2018,30,6733,0.995099
2018,31,6292,0.953592
2018,32,6790,0.95729
2018,33,7065,0.764331
2018,34,7783,1.33625
2018,35,8712,1.50367
2018,36,9786,1.74739
2018,37,12030,1.68745
2018,38,13182,1.69929
2018,39,14763,1.49699
2018,40,16528,1.74855
2018,41,18035,1.6967
2018,42,20221,1.99298
2018,43,21457,2.05527
2018,44,22496,2.17372
2018,45,23563,2.7331
2018,46,24519,3.15674
2018,47,24772,3.92782
2018,48,28328,3.91485
2018,49,29078,6.23152
2018,50,33152,10.3644
2018,51,38423,14.2649
2018,52,43377,16.352
2019,1,44453,12.1387
2019,2,41606,12.7217
2019,3,42041,16.3174
2019,4,44194,19.3918
2019,5,48640,22.5493
2019,6,54030,25.1342
2019,7,53289,26.026
2019,8,54061,26.2407
2019,9,53221,26.0743
2019,10,53256,25.6065
2019,11,53364,26.1318
2019,12,48749,22.4805
2019,13,42842,19.3035
2019,14,36735,14.9422
2019,15,31723,11.9093
2019,16,27999,8.61102
2019,17,24711,5.84355
2019,18,20167,4.81976
2019,19,17735,3.83986
2019,20,16998,3.54159
2019,21,15674,3.41968
2019,22,14371,3.0826
2019,23,12617,2.78989
2019,24,11400,2.31579
2019,25,10463,1.90194
2019,26,9132,2.0806
2019,27,8852,2.42883
2019,28,9075,2.01653
2019,29,8339,2.21849
2019,30,7951,2.37706
2019,31,7881,2.39817
2019,32,8080,2.05446
2019,33,8310,2.08183
2019,34,8892,2.36167
2019,35,10506,3.45517
2019,36,11816,3.09749
2019,37,13366,2.48391
2019,38,15055,2.75656
2019,39,17349,2.74367
2019,40,19851,1.30976
2019,41,22113,1.47877
2019,42,23131,1.55203
2019,43,24630,2.25335
2019,44,25417,3.05701
2019,45,28842,5.16261
2019,46,31439,6.75594
2019,47,36497,9.54599
2019,48,35398,10.9385
2019,49,41929,11.6554
2019,50,44911,16.1542
2019,51,54480,22.533
2019,52,64024,26.9336
2020,1,65177,23.4883
2020,2,60717,23.1187
2020,3,60316,26.0826
2020,4,64502,28.2813
2020,5,72224,30.1465
2020,6,71868,30.2596
2020,7,69257,29.675
2020,8,65212,28.3215
2020,9,62427,25.7517
2020,10,64149,22.4914
2020,11,74416,15.8125
2020,12,73090,7.50171
2020,13,44754,2.32158
2020,14,30838,1.0312
2020,15,19572,0.61823
2020,16,14443,0.623139
2020,17,12822,0.218375
2020,18,10268,0.262953
2020,19,8891,0.326173
2020,20,7844,0.305966
2020,21,7523,0.212681
2020,22,6054,0.16518
2020,23,6181,0.339751
2020,24,5718,0.279818
2020,25,5247,0.38117
2020,26,5667,0.282336
2020,27,6181,0.210322
2020,28,6243,0.176197
2020,29,6118,0.37594
2020,30,5982,0.150451
2020,31,6033,0.132604
2020,32,6245,0.176141
2020,33,6043,0.132582
2020,34,6171,0.226868
2020,35,6352,0.314861
2020,36,6455,0.201394
2020,37,6986,0.186086
2020,38,8024,0.398804
2020,39,8909,0.224492
2020,40,11973,0.325733
2020,41,14674,0.395257
2020,42,15356,0.345142
2020,43,16827,0.255542
2020,44,20949,0.195713
2020,45,26979,0.189036
2020,46,34597,0.193658
2020,47,36841,0.162862
2020,48,17104,0.099392
